datum,typ,artikel_id,menge,beleg,bezeichnung,quelle,notiz
2026-09-06,ANFANGSBESTAND,28-black-acai-025,36,inventur-2026-09-06,"28 Black Acai 0,25",inventur,ProVend_Lagerbestand_2026-09-06.xlsx
2026-09-06,ANFANGSBESTAND,28-black-acai-zero-025,39,inventur-2026-09-06,"28 Black Acai ZERO 0,25",inventur,ProVend_Lagerbestand_2026-09-06.xlsx
2026-09-06,ANFANGSBESTAND,7days-croissant,12,inventur-2026-09-06,7Days Croissant,inventur,ProVend_Lagerbestand_2026-09-06.xlsx
2026-09-06,ANFANGSBESTAND,bifi-caratza,18,inventur-2026-09-06,BiFi Caratza,inventur,ProVend_Lagerbestand_2026-09-06.xlsx
2026-09-06,ANFANGSBESTAND,bifi-original-20gr,18,inventur-2026-09-06,BiFi Original 20gr,inventur,ProVend_Lagerbestand_2026-09-06.xlsx
2026-09-06,ANFANGSBESTAND,bifi-roll-45gr,25,inventur-2026-09-06,BiFi Roll 45gr.,inventur,ProVend_Lagerbestand_2026-09-06.xlsx
2026-09-06,ANFANGSBESTAND,chio-popcorn-suess,2,inventur-2026-09-06,Chio Popcorn süß,inventur,ProVend_Lagerbestand_2026-09-06.xlsx
2026-09-06,ANFANGSBESTAND,chips-frisch-gesalzen,9,inventur-2026-09-06,Chips Frisch gesalzen,inventur,ProVend_Lagerbestand_2026-09-06.xlsx
2026-09-06,ANFANGSBESTAND,chipsfrisch-ungarisch-40gr,10,inventur-2026-09-06,Chipsfrisch Ungarisch 40gr.,inventur,ProVend_Lagerbestand_2026-09-06.xlsx
2026-09-06,ANFANGSBESTAND,coca-cola-033l,32,inventur-2026-09-06,"Coca Cola 0,33l",inventur,ProVend_Lagerbestand_2026-09-06.xlsx
2026-09-06,ANFANGSBESTAND,coca-cola-zero-033l,26,inventur-2026-09-06,"Coca Cola Zero 0,33l",inventur,ProVend_Lagerbestand_2026-09-06.xlsx
2026-09-06,ANFANGSBESTAND,corny-schoko,4,inventur-2026-09-06,Corny Schoko,inventur,ProVend_Lagerbestand_2026-09-06.xlsx
2026-09-06,ANFANGSBESTAND,elfbar-basisgeraet,9,inventur-2026-09-06,Elfbar Basisgerät,inventur,ProVend_Lagerbestand_2026-09-06.xlsx
2026-09-06,ANFANGSBESTAND,elfbar-pods,6,inventur-2026-09-06,Elfbar Pod Blueberry 20mg 2x2ml,inventur,ProVend_Lagerbestand_2026-09-06.xlsx
2026-09-06,ANFANGSBESTAND,elfbar-pods,1,inventur-2026-09-06,Elfbar Pod Peach Ice 20mg 2x2ml,inventur,ProVend_Lagerbestand_2026-09-06.xlsx
2026-09-06,ANFANGSBESTAND,elfbar-pods,5,inventur-2026-09-06,Elfbar Pod Cherry 20mg 2x2ml,inventur,ProVend_Lagerbestand_2026-09-06.xlsx
2026-09-06,ANFANGSBESTAND,elfbar-pods,2,inventur-2026-09-06,Elfbar Pod Watermelon 20mg 2x2ml,inventur,ProVend_Lagerbestand_2026-09-06.xlsx
2026-09-06,ANFANGSBESTAND,erdnuesse-ueltje-salzig,24,inventur-2026-09-06,Erdnüsse Ültje salzig,inventur,ProVend_Lagerbestand_2026-09-06.xlsx
2026-09-06,ANFANGSBESTAND,fanta-orange-033l,27,inventur-2026-09-06,"Fanta Orange 0,33l",inventur,ProVend_Lagerbestand_2026-09-06.xlsx
2026-09-06,ANFANGSBESTAND,fanta-tutti-frutti-033l,31,inventur-2026-09-06,"Fanta Tutti Frutti 0,33l",inventur,ProVend_Lagerbestand_2026-09-06.xlsx
2026-09-06,ANFANGSBESTAND,haribo-goldbaeren,4,inventur-2026-09-06,Haribo Goldbären,inventur,ProVend_Lagerbestand_2026-09-06.xlsx
2026-09-06,ANFANGSBESTAND,haribo-pico-balla,3,inventur-2026-09-06,Haribo Pico-Balla,inventur,ProVend_Lagerbestand_2026-09-06.xlsx
2026-09-06,ANFANGSBESTAND,kinder-bueno,27,inventur-2026-09-06,Kinder Bueno,inventur,ProVend_Lagerbestand_2026-09-06.xlsx
2026-09-06,ANFANGSBESTAND,kinder-cards,10,inventur-2026-09-06,Kinder Cards,inventur,ProVend_Lagerbestand_2026-09-06.xlsx
2026-09-06,ANFANGSBESTAND,kinder-country,15,inventur-2026-09-06,Kinder Country,inventur,ProVend_Lagerbestand_2026-09-06.xlsx
2026-09-06,ANFANGSBESTAND,kinderriegel,12,inventur-2026-09-06,Kinderriegel,inventur,ProVend_Lagerbestand_2026-09-06.xlsx
2026-09-06,ANFANGSBESTAND,kitkat-chunky,23,inventur-2026-09-06,KitKat Chunky,inventur,ProVend_Lagerbestand_2026-09-06.xlsx
2026-09-06,ANFANGSBESTAND,kitkat-vollmilch,15,inventur-2026-09-06,KitKat Vollmilch,inventur,ProVend_Lagerbestand_2026-09-06.xlsx
2026-09-06,ANFANGSBESTAND,kitkat-white,8,inventur-2026-09-06,KitKat White,inventur,ProVend_Lagerbestand_2026-09-06.xlsx
2026-09-06,ANFANGSBESTAND,knoppers-riegel,33,inventur-2026-09-06,Knoppers Riegel,inventur,ProVend_Lagerbestand_2026-09-06.xlsx
2026-09-06,ANFANGSBESTAND,kondome-rossmann,1,inventur-2026-09-06,Kondome (Rossmann),inventur,ProVend_Lagerbestand_2026-09-06.xlsx
2026-09-06,ANFANGSBESTAND,mezzo-mix-orange-033l,43,inventur-2026-09-06,"Mezzo Mix Orange 0,33l",inventur,ProVend_Lagerbestand_2026-09-06.xlsx
2026-09-06,ANFANGSBESTAND,milka-nussini,6,inventur-2026-09-06,Milka Nussini,inventur,ProVend_Lagerbestand_2026-09-06.xlsx
2026-09-06,ANFANGSBESTAND,mms-crisp-36gr,26,inventur-2026-09-06,MMs Crisp 36gr.,inventur,ProVend_Lagerbestand_2026-09-06.xlsx
2026-09-06,ANFANGSBESTAND,mms-peanut-36gr,45,inventur-2026-09-06,MMs Peanut 36gr.,inventur,ProVend_Lagerbestand_2026-09-06.xlsx
2026-09-06,ANFANGSBESTAND,monster-lando-norris,11,inventur-2026-09-06,Monster Lando Norris,inventur,ProVend_Lagerbestand_2026-09-06.xlsx
2026-09-06,ANFANGSBESTAND,monster-strawberry,15,inventur-2026-09-06,Monster Strawberry,inventur,ProVend_Lagerbestand_2026-09-06.xlsx
2026-09-06,ANFANGSBESTAND,monster-top-speed,7,inventur-2026-09-06,Monster Top Speed,inventur,ProVend_Lagerbestand_2026-09-06.xlsx
2026-09-06,ANFANGSBESTAND,monster-ultra-fiesta-05,17,inventur-2026-09-06,"Monster Ultra Fiesta 0,5",inventur,ProVend_Lagerbestand_2026-09-06.xlsx
2026-09-06,ANFANGSBESTAND,monster-ultra-white-05,21,inventur-2026-09-06,"Monster Ultra White 0,5",inventur,ProVend_Lagerbestand_2026-09-06.xlsx
2026-09-06,ANFANGSBESTAND,nicnac,7,inventur-2026-09-06,NicNac,inventur,ProVend_Lagerbestand_2026-09-06.xlsx
2026-09-06,ANFANGSBESTAND,pommbaer-original-30g,19,inventur-2026-09-06,Pommbär original 30g,inventur,ProVend_Lagerbestand_2026-09-06.xlsx
2026-09-06,ANFANGSBESTAND,red-bull-025,25,inventur-2026-09-06,"Red Bull 0,25",inventur,ProVend_Lagerbestand_2026-09-06.xlsx
2026-09-06,ANFANGSBESTAND,red-bull-pink-2026-025,15,inventur-2026-09-06,"Red Bull Pink 2026 0,25",inventur,ProVend_Lagerbestand_2026-09-06.xlsx
2026-09-06,ANFANGSBESTAND,red-bull-summer-025,6,inventur-2026-09-06,"Red Bull Summer 0,25",inventur,ProVend_Lagerbestand_2026-09-06.xlsx
2026-09-06,ANFANGSBESTAND,red-bull-zero-025,3,inventur-2026-09-06,"Red Bull ZERO 0,25",inventur,ProVend_Lagerbestand_2026-09-06.xlsx
2026-09-06,ANFANGSBESTAND,redbull-fuji-apfel-ingwer,3,inventur-2026-09-06,Redbull Fuji-Apfel-Ingwer,inventur,ProVend_Lagerbestand_2026-09-06.xlsx
2026-09-06,ANFANGSBESTAND,schwangerschaftstest-rossmann,2,inventur-2026-09-06,Schwangerschaftstest (Rossmann),inventur,ProVend_Lagerbestand_2026-09-06.xlsx
2026-09-06,ANFANGSBESTAND,snickers-riegel-50gr,15,inventur-2026-09-06,Snickers Riegel 50gr.,inventur,ProVend_Lagerbestand_2026-09-06.xlsx
2026-09-06,ANFANGSBESTAND,sprite-033l,34,inventur-2026-09-06,"Sprite 0,33l",inventur,ProVend_Lagerbestand_2026-09-06.xlsx
2026-09-06,ANFANGSBESTAND,tonys-schokolade,7,inventur-2026-09-06,Tonys Schokolade,inventur,ProVend_Lagerbestand_2026-09-06.xlsx
2026-09-06,ANFANGSBESTAND,twix-riegel-50-gr,30,inventur-2026-09-06,Twix Riegel 50 gr.,inventur,ProVend_Lagerbestand_2026-09-06.xlsx
